{
    "NJD": {
        "NICO HISCHIER": 1.8333333333333315,
        "JESPER BRATT": 1.8,
        "DOUGIE HAMILTON": 1.8166666666666658,
        "JACK HUGHES": 1.8,
        "TOMAS TATAR": 1.8833333333333286,
        "DAMON SEVERSON": 0.3166666666666625,
        "ERIK HAULA": 0.3166666666666625,
        "ALEXANDER HOLTZ": 0.2999999999999968,
        "MILES WOOD": 0.2833333333333311,
        "FABIAN ZETTERLUND": 0.233333333333334
    },
    "BOS": {
        "HAMPUS LINDHOLM": 1.1833333333333336,
        "PATRICE BERGERON": 1.1666666666666679,
        "BRAD MARCHAND": 1.2666666666666675,
        "JAKE DEBRUSK": 1.1500000000000004,
        "DAVID PASTRNAK": 1.3000000000000007,
        "TAYLOR HALL": 0.8499999999999994,
        "CHARLIE MCAVOY": 0.8333333333333319,
        "DAVID KREJCI": 0.8166666666666664,
        "PAVEL ZACHA": 0.7333333333333325,
        "NICK FOLIGNO": 0.6999999999999993
    },
    "NSH": {
        "ROMAN JOSI": 2.100000000000001,
        "JUUSO PARSSINEN": 2.3666666666666707,
        "THOMAS NOVAK": 2.1000000000000014,
        "FILIP FORSBERG": 2.400000000000002,
        "RYAN JOHANSEN": 2.450000000000003,
        "MATTIAS EKHOLM": 1.183333333333333,
        "JEREMY LAUZON": 0.0666666666666664,
        "ALEXANDRE CARRIER": 0.4333333333333336,
        "MIKAEL GRANLUND": 1.433333333333333,
        "MATT DUCHENE": 1.183333333333333,
        "CODY GLASS": 0.9833333333333301,
        "NINO NIEDERREITER": 0.9666666666666643
    },
    "COL": {
        "VALERI NICHUSHKIN": 3.233333333333332,
        "J.T. COMPHER": 6.050000000000004,
        "ARTTURI LEHKONEN": 6.216666666666669,
        "CALE MAKAR": 6.100000000000005,
        "MIKKO RANTANEN": 6.316666666666672,
        "DEVON TOEWS": 3.0833333333333393,
        "DENIS MALGIN": 1.733333333333333,
        "EVAN RODRIGUES": 3.050000000000008,
        "ALEX NEWHOOK": 2.416666666666672,
        "SAMUEL GIRARD": 2.466666666666669,
        "ERIK JOHNSON": 1.2500000000000007
    },
    "CHI": {
        "MAX DOMI": 6.083333333333325,
        "JONATHAN TOEWS": 5.166666666666652,
        "SETH JONES": 5.69999999999999,
        "PATRICK KANE": 6.216666666666656,
        "CONNOR MURPHY": 0.1333333333333333,
        "ANDREAS ATHANASIOU": 1.7666666666666724,
        "TYLER JOHNSON": 2.1500000000000017,
        "IAN MITCHELL": 2.1500000000000017,
        "PHILIPP KURASHEV": 2.7333333333333374,
        "TAYLOR RADDYSH": 4.916666666666657,
        "JAKE MCCABE": 0.850000000000005,
        "JACK JOHNSON": 0.1000000000000014,
        "MACKENZIE ENTWISTLE": 0.100000000000001
    },
    "CBJ": {
        "JOHNNY GAUDREAU": 5.566666666666663,
        "GUSTAV NYQUIST": 4.73333333333332,
        "ADAM BOQVIST": 3.933333333333337,
        "PATRIK LAINE": 5.566666666666663,
        "JACK ROSLOVIC": 3.649999999999992,
        "KENT JOHNSON": 3.450000000000016,
        "MARCUS BJORK": 1.333333333333335,
        "SEAN KURALY": 2.166666666666664,
        "CARSON MEYER": 0.799999999999997,
        "KIRILL MARCHENKO": 1.100000000000008,
        "TIM BERNI": 0.116666666666674
    },
    "DAL": {
        "JAMIE BENN": 5.899999999999984,
        "JOE PAVELSKI": 5.999999999999989,
        "JASON ROBERTSON": 6.46666666666666,
        "ROOPE HINTZ": 5.933333333333328,
        "MIRO HEISKANEN": 5.849999999999989,
        "NILS LUNDKVIST": 1.933333333333337,
        "TYLER SEGUIN": 1.9000000000000004,
        "MASON MARCHMENT": 1.8000000000000114,
        "RYAN SUTER": 0.833333333333333,
        "WYATT JOHNSTON": 1.4833333333333325,
        "COLIN MILLER": 0.2666666666666697,
        "RADEK FAKSA": 1.1333333333333409
    },
    "MTL": {
        "NICK SUZUKI": 2.1499999999999897,
        "COLE CAUFIELD": 1.79999999999999,
        "JONATHAN DROUIN": 2.0666666666666567,
        "CHRISTIAN DVORAK": 2.1166666666666565,
        "CHRIS WIDEMAN": 1.79999999999999,
        "KAIDEN GUHLE": 1.8666666666666736,
        "KIRBY DACH": 1.9666666666666728,
        "MIKE HOFFMAN": 1.9000000000000057,
        "JOSH ANDERSON": 1.666666666666673,
        "JURAJ SLAFKOVSKY": 1.5666666666666729,
        "JORDAN HARRIS": 0.2833333333333331,
        "JOEL EDMUNDSON": 0.2666666666666656,
        "JAKE EVANS": 0.1999999999999996,
        "MICHAEL PEZZETTA": 0.183333333333333
    },
    "WSH": {
        "DYLAN STROME": 5.1000000000000005,
        "ERIK GUSTAFSSON": 4.899999999999994,
        "JOHN CARLSON": 5.066666666666659,
        "ALEX OVECHKIN": 7.899999999999999,
        "EVGENY KUZNETSOV": 5.0833333333333295,
        "MARCUS JOHANSSON": 3.000000000000005,
        "SONNY MILANO": 2.9166666666666705,
        "CONOR SHEARY": 2.833333333333329,
        "DMITRY ORLOV": 3.1000000000000045,
        "NICK JENSEN": 0.0999999999999996
    },
    "WPG": {
        "JOSH MORRISSEY": 2.516666666666672,
        "MARK SCHEIFELE": 2.883333333333336,
        "PIERRE-LUC DUBOIS": 2.883333333333336,
        "KYLE CONNOR": 2.883333333333336,
        "SAM GAGNER": 1.033333333333331,
        "MICHAEL EYSSIMONT": 1.25,
        "NEAL PIONK": 2.5833333333333393,
        "ADAM LOWRY": 0.816666666666666,
        "KEVIN STENLUND": 0.816666666666666,
        "VILLE HEINOLA": 0.416666666666664,
        "KYLE CAPOBIANCO": 0.416666666666664,
        "DAVID GUSTAFSSON": 0.166666666666664,
        "DYLAN DEMELO": 0.166666666666664,
        "KARSON KUHLMAN": 0.166666666666664,
        "BRENDEN DILLON": 0.166666666666664,
        "AXEL JONSSON-FJALLBY": 0.166666666666664
    },
    "ANA": {
        "TREVOR ZEGRAS": 4.816666666666665,
        "ADAM HENRIQUE": 4.266666666666674,
        "TROY TERRY": 4.483333333333342,
        "MASON MCTAVISH": 4.849999999999992,
        "CAM FOWLER": 3.9500000000000006,
        "RYAN STROME": 3.533333333333338,
        "KEVIN SHATTENKIRK": 4.399999999999999,
        "JOHN KLINGBERG": 3.783333333333324,
        "JAKOB SILFVERBERG": 3.7499999999999925,
        "FRANK VATRANO": 3.3166666666666655,
        "BRETT LEASON": 0.3166666666666701,
        "MAX COMTOIS": 0.2166666666666651,
        "DMITRY KULIKOV": 0.0833333333333321,
        "SIMON BENOIT": 0.0666666666666629
    },
    "CGY": {
        "JONATHAN HUBERDEAU": 4.116666666666647,
        "ELIAS LINDHOLM": 3.783333333333318,
        "RASMUS ANDERSSON": 4.583333333333329,
        "TYLER TOFFOLI": 3.8666666666666614,
        "NAZEM KADRI": 4.099999999999988,
        "MIKAEL BACKLUND": 4.333333333333334,
        "NIKITA ZADOROV": 1.4833333333333338,
        "DILLON DUBE": 3.8666666666666654,
        "ADAM RUZICKA": 4.300000000000021,
        "ANDREW MANGIAPANE": 4.200000000000005,
        "TREVOR LEWIS": 1.1666666666666685,
        "BRETT RITCHIE": 0.766666666666673,
        "MACKENZIE WEEGAR": 0.8833333333333191,
        "CHRIS TANEV": 1.43333333333332,
        "NOAH HANIFIN": 3.400000000000005,
        "BLAKE COLEMAN": 0.8666666666666601,
        "MILAN LUCIC": 0.5499999999999969,
        "MICHAEL STONE": 0.1000000000000014
    },
    "NYI": {
        "MATHEW BARZAL": 6.783333333333331,
        "ANTHONY BEAUVILLIER": 5.5833333333333375,
        "ANDERS LEE": 6.599999999999994,
        "BROCK NELSON": 3.4499999999999975,
        "NOAH DOBSON": 7.449999999999994,
        "OLIVER WAHLSTROM": 2.7999999999999985,
        "JOSH BAILEY": 2.7000000000000015,
        "RYAN PULOCK": 2.999999999999995,
        "ZACH PARISE": 2.900000000000008,
        "JEAN-GABRIEL PAGEAU": 4.699999999999999,
        "SEBASTIAN AHO": 0.6833333333333442,
        "ALEXANDER ROMANOV": 0.1333333333333328,
        "HUDSON FASCHING": 0.0999999999999996,
        "MATT MARTIN": 0.0499999999999989,
        "AATU RATY": 0.9833333333333292
    },
    "FLA": {
        "ANTON LUNDELL": 1.8666666666666636,
        "NICK COUSINS": 1.6999999999999962,
        "CARTER VERHAEGHE": 2.8333333333333375,
        "EETU LUOSTARINEN": 2.3833333333333315,
        "BRANDON MONTOUR": 3.0499999999999985,
        "SAM REINHART": 2.7500000000000036,
        "SAM BENNETT": 2.1000000000000014,
        "MATTHEW TKACHUK": 2.733333333333332,